accelerator,website
"Alliance DAO","https://alliance.xyz/"
"a16z Crypto Startup School","https://a16zcrypto.com/startup-school/"
"Outlier Ventures Base Camp","https://outlierventures.io/base-camp/"
"Binance Labs Incubation Program","https://labs.binance.com/incubation-program"
"Coinbase Builders (Base Camp)","https://www.coinbase.com/builders"
"Tachyon by ConsenSys Mesh","https://mesh.xyz/tachyon/"
"IDEO CoLab Startup Studio","https://www.ideocolab.com/startups"
"HackVC Accelerator","https://www.hack.vc/accelerator"
"Seed Club","https://www.seedclub.xyz/"
"Orange DAO Accelerator","https://www.orangedao.xyz/"
"SuperLayer","https://www.superlayer.io/"
"Multicoin Scout Accelerator","https://multicoin.capital/"
